"Date","Price","Open","High","Low","Vol.","Change %"
"11/11/2025","94.55","94.55","94.55","94.55","","-3.38%"
"11/10/2025","97.86","97.86","97.86","97.86","","-5.13%"
"11/07/2025","103.15","103.15","103.15","103.15","","-0.27%"
"11/06/2025","103.43","103.43","103.43","103.43","","-3.67%"
"11/05/2025","107.37","107.37","107.37","107.37","","-6.12%"
"11/04/2025","114.37","114.37","114.37","114.37","","4.21%"
"11/03/2025","109.75","109.75","109.75","109.75","","10.15%"
"10/31/2025","99.64","99.64","99.64","99.64","","18.06%"
"10/30/2025","84.40","84.40","84.40","84.40","","-5.97%"
"10/29/2025","89.76","89.76","89.76","89.76","","-0.89%"
"10/28/2025","90.57","90.57","90.57","90.57","","6.12%"
"10/27/2025","85.35","85.35","85.35","85.35","","-1.00%"
"10/24/2025","86.21","86.21","86.21","86.21","","0.20%"
"10/23/2025","86.04","86.04","86.04","86.04","","-0.35%"
"10/22/2025","86.34","86.34","86.34","86.34","","-1.08%"
"10/21/2025","87.28","87.28","87.28","87.28","","-2.00%"
"10/20/2025","89.06","89.06","89.06","89.06","","-0.06%"
"10/17/2025","89.11","89.11","89.11","89.11","","-0.49%"
"10/16/2025","89.55","89.55","89.55","89.55","","-1.13%"
"10/15/2025","90.57","90.57","90.57","90.57","","-1.66%"
"10/14/2025","92.10","92.10","92.10","92.10","","1.44%"
"10/13/2025","90.79","90.79","90.79","90.79","","-3.34%"
"10/10/2025","93.93","93.93","93.93","93.93","","-0.70%"
"10/09/2025","94.59","94.59","94.59","94.59","","-1.21%"
"10/08/2025","95.75","95.75","95.75","95.75","","-0.57%"
"10/07/2025","96.30","96.30","96.30","96.30","","-0.69%"
"10/06/2025","96.97","96.97","96.97","96.97","","7.33%"
"10/03/2025","90.35","90.35","90.35","90.35","","8.52%"
"10/02/2025","83.26","83.26","83.26","83.26","","-1.91%"
"10/01/2025","84.88","84.88","84.88","84.88","","-1.37%"
"09/30/2025","86.06","86.06","86.06","86.06","","3.05%"
"09/29/2025","83.51","83.51","83.51","83.51","","0.53%"
"09/26/2025","83.07","83.07","83.07","83.07","","1.30%"
"09/25/2025","82.00","82.00","82.00","82.00","","1.55%"
"09/24/2025","80.75","80.75","80.75","80.75","","1.46%"
"09/23/2025","79.59","79.59","79.59","79.59","","-1.76%"
"09/22/2025","81.02","81.02","81.02","81.02","","-2.63%"
"09/19/2025","83.21","83.21","83.21","83.21","","-0.94%"
"09/18/2025","84.00","84.00","84.00","84.00","","0.84%"
"09/17/2025","83.30","83.30","83.30","83.30","","0.49%"
"09/16/2025","82.89","82.89","82.89","82.89","","0.78%"
"09/15/2025","82.25","82.25","82.25","82.25","","1.91%"
"09/12/2025","80.71","80.71","80.71","80.71","","0.64%"
"09/11/2025","80.20","80.20","80.20","80.20","","-2.75%"
"09/10/2025","82.47","82.47","82.47","82.47","","-2.55%"
"09/09/2025","84.63","84.63","84.63","84.63","","-1.97%"
"09/08/2025","86.33","86.33","86.33","86.33","","-0.15%"
"09/05/2025","86.46","86.46","86.46","86.46","","0.38%"
"09/04/2025","86.13","86.13","86.13","86.13","","0.28%"
"09/03/2025","85.89","85.89","85.89","85.89","","0.22%"
"09/02/2025","85.70","85.70","85.70","85.70","","11.21%"
"08/29/2025","77.06","77.06","77.06","77.06","","0.29%"
"08/28/2025","76.84","76.84","76.84","76.84","","0.25%"
"08/27/2025","76.65","76.65","76.65","76.65","","0.75%"
"08/26/2025","76.08","76.08","76.08","76.08","","0.42%"
"08/25/2025","75.76","75.76","75.76","75.76","","0.00%"
"08/22/2025","75.76","75.76","75.76","75.76","","0.53%"
"08/21/2025","75.36","75.36","75.36","75.36","","0.15%"
"08/20/2025","75.25","75.25","75.25","75.25","","0.75%"
"08/19/2025","74.69","74.69","74.69","74.69","","-0.21%"
"08/18/2025","74.85","74.85","74.85","74.85","","0.21%"
"08/15/2025","74.69","74.69","74.69","74.69","","-0.74%"
"08/14/2025","75.25","75.25","75.25","75.25","","-0.49%"
"08/13/2025","75.62","75.62","75.62","75.62","","-1.91%"
"08/12/2025","77.09","77.09","77.09","77.09","","-0.55%"
"08/11/2025","77.52","77.52","77.52","77.52","","0.49%"
"08/08/2025","77.14","77.14","77.14","77.14","","-0.18%"
"08/07/2025","77.28","77.28","77.28","77.28","","-0.77%"
"08/06/2025","77.88","77.88","77.88","77.88","","-1.07%"
"08/05/2025","78.72","78.72","78.72","78.72","","2.02%"
"08/04/2025","77.16","77.16","77.16","77.16","","-1.72%"
"08/01/2025","78.51","78.51","78.51","78.51","","-3.79%"
"07/31/2025","81.60","81.60","81.60","81.60","","-7.06%"
"07/30/2025","87.80","87.80","87.80","87.80","","0.21%"
"07/29/2025","87.62","87.62","87.62","87.62","","-0.41%"
"07/28/2025","87.98","87.98","87.98","87.98","","0.55%"
"07/25/2025","87.50","87.50","87.50","87.50","","0.40%"
"07/24/2025","87.15","87.15","87.15","87.15","","0.48%"
"07/23/2025","86.73","86.73","86.73","86.73","","-0.20%"
"07/22/2025","86.90","86.90","86.90","86.90","","1.36%"
"07/21/2025","85.73","85.73","85.73","85.73","","1.67%"
"07/18/2025","84.32","84.32","84.32","84.32","","0.08%"
"07/17/2025","84.25","84.25","84.25","84.25","","-1.03%"
"07/16/2025","85.13","85.13","85.13","85.13","","0.33%"
"07/15/2025","84.85","84.85","84.85","84.85","","-1.34%"
"07/14/2025","86.00","86.00","86.00","86.00","","0.00%"
"07/11/2025","86.00","86.00","86.00","86.00","","-0.89%"
"07/10/2025","86.77","86.77","86.77","86.77","","-0.75%"
"07/09/2025","87.43","87.43","87.43","87.43","","-1.40%"
"07/08/2025","88.67","88.67","88.67","88.67","","0.61%"
"07/07/2025","88.13","88.13","88.13","88.13","","4.92%"
"07/03/2025","84.00","84.00","84.00","84.00","","-1.78%"
"07/02/2025","85.52","85.52","85.52","85.52","","3.54%"
"07/01/2025","82.60","82.60","82.60","82.60","","5.13%"
"06/30/2025","78.57","78.57","78.57","78.57","","23.40%"
"06/27/2025","63.67","63.67","63.67","63.67","","-0.87%"
"06/26/2025","64.23","64.23","64.23","64.23","","0.34%"
"06/25/2025","64.01","64.01","64.01","64.01","","1.52%"
"06/24/2025","63.05","63.05","63.05","63.05","","1.33%"
"06/23/2025","62.22","62.22","62.22","62.22","","-1.88%"
"06/20/2025","63.41","63.41","63.41","63.41","","-0.77%"
"06/18/2025","63.90","63.90","63.90","63.90","","-3.27%"
"06/17/2025","66.06","66.06","66.06","66.06","","-0.09%"
"06/16/2025","66.12","66.12","66.12","66.12","","0.00%"
"06/13/2025","66.12","66.12","66.12","66.12","","1.12%"
"06/12/2025","65.39","65.39","65.39","65.39","","-2.02%"
"06/11/2025","66.74","66.74","66.74","66.74","","0.35%"
"06/10/2025","66.51","66.51","66.51","66.51","","-1.32%"
"06/09/2025","67.40","67.40","67.40","67.40","","-4.42%"
"06/06/2025","70.52","70.52","70.52","70.52","","2.89%"
"06/05/2025","68.54","68.54","68.54","68.54","","-0.42%"
"06/04/2025","68.83","68.83","68.83","68.83","","0.61%"
"06/03/2025","68.41","68.41","68.41","68.41","","-0.48%"
"06/02/2025","68.74","68.74","68.74","68.74","","2.08%"
"05/30/2025","67.34","67.34","67.34","67.34","","-0.03%"
"05/29/2025","67.36","67.36","67.36","67.36","","0.18%"
"05/28/2025","67.24","67.24","67.24","67.24","","-0.53%"
"05/27/2025","67.60","67.60","67.60","67.60","","0.91%"
"05/23/2025","66.99","66.99","66.99","66.99","","-3.29%"
"05/22/2025","69.27","69.27","69.27","69.27","","0.03%"
"05/21/2025","69.25","69.25","69.25","69.25","","0.25%"
"05/20/2025","69.08","69.08","69.08","69.08","","-0.45%"
"05/19/2025","69.39","69.39","69.39","69.39","","-1.71%"
"05/16/2025","70.60","70.60","70.60","70.60","","-1.08%"
"05/15/2025","71.37","71.37","71.37","71.37","","3.37%"
"05/14/2025","69.04","69.04","69.04","69.04","","-0.46%"
"05/13/2025","69.36","69.36","69.36","69.36","","-1.98%"
"05/12/2025","70.76","70.76","70.76","70.76","","5.36%"
"05/09/2025","67.16","67.16","67.16","67.16","","-1.63%"
"05/08/2025","68.27","68.27","68.27","68.27","","-2.50%"
"05/07/2025","70.02","70.02","70.02","70.02","","-1.02%"
"05/06/2025","70.74","70.74","70.74","70.74","","2.63%"
"05/05/2025","68.93","68.93","68.93","68.93","","0.00%"
"05/02/2025","68.93","68.93","68.93","68.93","","3.55%"
"05/01/2025","66.57","66.57","66.57","66.57","","0.00%"
"04/30/2025","66.57","66.57","66.57","66.57","","-14.59%"
"04/29/2025","77.94","77.94","77.94","77.94","","-0.10%"
"04/28/2025","78.02","78.02","78.02","78.02","","-0.84%"
"04/25/2025","78.68","78.68","78.68","78.68","","-1.24%"
"04/24/2025","79.67","79.67","79.67","79.67","","0.01%"
"04/23/2025","79.66","79.66","79.66","79.66","","0.28%"
"04/22/2025","79.44","79.44","79.44","79.44","","5.55%"
"04/21/2025","75.26","75.26","75.26","75.26","","0.00%"
"04/17/2025","75.26","75.26","75.26","75.26","","0.15%"
"04/16/2025","75.15","75.15","75.15","75.15","","3.87%"
"04/15/2025","72.35","72.35","72.35","72.35","","-0.37%"
"04/14/2025","72.62","72.62","72.62","72.62","","6.08%"
"04/11/2025","68.46","68.46","68.46","68.46","","1.75%"
"04/04/2025","67.28","67.28","67.28","67.28","","-1.81%"
"04/03/2025","68.52","68.52","68.52","68.52","","-4.63%"
"04/02/2025","71.85","71.85","71.85","71.85","","-3.70%"
"04/01/2025","74.61","74.61","74.61","74.61","","-2.56%"
"03/31/2025","76.57","76.57","76.57","76.57","","-18.70%"
"03/28/2025","94.18","94.18","94.18","94.18","","-0.44%"
"03/27/2025","94.60","94.60","94.60","94.60","","-0.59%"
"03/26/2025","95.16","95.16","95.16","95.16","","0.87%"
"03/25/2025","94.34","94.34","94.34","94.34","","-0.52%"
"03/24/2025","94.83","94.83","94.83","94.83","","-0.67%"
"03/21/2025","95.47","95.47","95.47","95.47","","-0.55%"
"03/20/2025","96.00","96.00","96.00","96.00","","0.37%"
"03/14/2025","95.65","95.65","95.65","95.65","","1.25%"
"03/13/2025","94.47","94.47","94.47","94.47","","1.77%"
"03/12/2025","92.83","92.83","92.83","92.83","","-1.09%"
"03/11/2025","93.85","93.85","93.85","93.85","","-0.91%"
"03/10/2025","94.71","94.71","94.71","94.71","","0.45%"
"03/07/2025","94.29","94.29","94.29","94.29","","0.67%"
"03/06/2025","93.66","93.66","93.66","93.66","","-2.07%"
"03/05/2025","95.64","95.64","95.64","95.64","","-1.01%"
"03/04/2025","96.62","96.62","96.62","96.62","","-0.77%"
"03/03/2025","97.37","97.37","97.37","97.37","","6.33%"
"02/28/2025","91.57","91.57","91.57","91.57","","-28.75%"
"02/27/2025","128.52","128.52","128.52","128.52","","0.03%"
"02/26/2025","128.48","128.48","128.48","128.48","","-0.29%"
"02/25/2025","128.85","128.85","128.85","128.85","","-0.05%"
"02/24/2025","128.92","128.92","128.92","128.92","","-0.13%"
"02/21/2025","129.09","129.09","129.09","129.09","","3.12%"
"02/20/2025","125.19","125.19","125.19","125.19","","1.17%"
"02/19/2025","123.74","123.74","123.74","123.74","","-0.23%"
"02/18/2025","124.03","124.03","124.03","124.03","","-2.45%"
"02/14/2025","127.15","127.15","127.15","127.15","","-3.30%"
"02/13/2025","131.49","131.49","131.49","131.49","","-1.76%"
"02/12/2025","133.85","133.85","133.85","133.85","","0.19%"
"02/11/2025","133.59","133.59","133.59","133.59","","-1.07%"
"02/10/2025","135.04","135.04","135.04","135.04","","3.49%"
"02/07/2025","130.49","130.49","130.49","130.49","","1.24%"
"02/06/2025","128.89","128.89","128.89","128.89","","1.23%"
"02/05/2025","127.32","127.32","127.32","127.32","","1.53%"
"02/04/2025","125.40","125.40","125.40","125.40","","-2.23%"
"02/03/2025","128.26","128.26","128.26","128.26","","-2.89%"
"01/31/2025","132.08","132.08","132.08","132.08","","15.72%"
"01/30/2025","114.14","114.14","114.14","114.14","","0.06%"
"01/29/2025","114.07","114.07","114.07","114.07","","0.00%"
"01/28/2025","114.07","114.07","114.07","114.07","","0.14%"
"01/27/2025","113.91","113.91","113.91","113.91","","-2.01%"
"01/24/2025","116.25","116.25","116.25","116.25","","0.28%"
"01/23/2025","115.92","115.92","115.92","115.92","","1.76%"
"01/22/2025","113.91","113.91","113.91","113.91","","-0.07%"
"01/21/2025","113.99","113.99","113.99","113.99","","0.14%"
"01/17/2025","113.83","113.83","113.83","113.83","","1.49%"
"01/16/2025","112.16","112.16","112.16","112.16","","-4.40%"
"01/15/2025","117.32","117.32","117.32","117.32","","3.20%"
"01/14/2025","113.68","113.68","113.68","113.68","","0.93%"
"01/13/2025","112.63","112.63","112.63","112.63","","19.39%"
"01/10/2025","94.34","94.34","94.34","94.34","","-5.11%"
"01/09/2025","99.42","99.42","99.42","99.42","","-4.09%"
"01/08/2025","103.66","103.66","103.66","103.66","","-3.00%"
"01/07/2025","106.87","106.87","106.87","106.87","","-1.46%"
"01/06/2025","108.45","108.45","108.45","108.45","","-3.64%"
"01/03/2025","112.55","112.55","112.55","112.55","","-2.06%"
"01/02/2025","114.92","114.92","114.92","114.92","","-0.70%"
"12/31/2024","115.73","115.73","115.73","115.73","","6.84%"
"12/30/2024","108.32","108.32","108.32","108.32","","1.65%"
"12/27/2024","106.56","106.56","106.56","106.56","","-0.53%"
"12/26/2024","107.13","107.13","107.13","107.13","","-0.02%"
"12/24/2024","107.15","107.15","107.15","107.15","","0.27%"
"12/23/2024","106.86","106.86","106.86","106.86","","1.19%"
"12/20/2024","105.60","105.60","105.60","105.60","","-0.38%"
"12/19/2024","106.00","106.00","106.00","106.00","","4.47%"
"12/18/2024","101.46","101.46","101.46","101.46","","2.22%"
"12/17/2024","99.26","99.26","99.26","99.26","","3.23%"
"12/16/2024","96.15","96.15","96.15","96.15","","-7.21%"
"12/13/2024","103.62","103.62","103.62","103.62","","-0.37%"
"12/12/2024","104.01","104.01","104.01","104.01","","-6.19%"
"12/11/2024","110.87","110.87","110.87","110.87","","2.25%"
"12/10/2024","108.43","108.43","108.43","108.43","","3.62%"
"12/09/2024","104.64","104.64","104.64","104.64","","3.02%"
"12/06/2024","101.57","101.57","101.57","101.57","","-2.07%"
"12/05/2024","103.72","103.72","103.72","103.72","","1.85%"
"12/04/2024","101.84","101.84","101.84","101.84","","-3.54%"
"12/03/2024","105.58","105.58","105.58","105.58","","0.52%"
"12/02/2024","105.03","105.03","105.03","105.03","","-7.80%"
"11/29/2024","113.91","113.91","113.91","113.91","","-0.51%"
"11/27/2024","114.49","114.49","114.49","114.49","","-0.46%"
"11/26/2024","115.02","115.02","115.02","115.02","","-1.29%"
"11/25/2024","116.52","116.52","116.52","116.52","","-0.50%"
"11/22/2024","117.10","117.10","117.10","117.10","","-0.23%"
"11/21/2024","117.37","117.37","117.37","117.37","","-0.34%"
"11/20/2024","117.77","117.77","117.77","117.77","","-1.34%"
"11/19/2024","119.37","119.37","119.37","119.37","","-0.77%"
"11/18/2024","120.30","120.30","120.30","120.30","","5.10%"
"11/15/2024","114.46","114.46","114.46","114.46","","0.60%"
"11/14/2024","113.78","113.78","113.78","113.78","","1.22%"
"11/13/2024","112.41","112.41","112.41","112.41","","-1.35%"
"11/12/2024","113.95","113.95","113.95","113.95","","-0.56%"
"11/11/2024","114.59","114.59","114.59","114.59","","-2.87%"
"11/08/2024","117.98","117.98","117.98","117.98","","4.23%"
"11/07/2024","113.19","113.19","113.19","113.19","","2.01%"
"11/06/2024","110.96","110.96","110.96","110.96","","0.99%"
"11/05/2024","109.87","109.87","109.87","109.87","","-2.11%"
"11/04/2024","112.24","112.24","112.24","112.24","","13.57%"
"11/01/2024","98.83","98.83","98.83","98.83","","2.86%"
"10/31/2024","96.08","96.08","96.08","96.08","","11.59%"
"10/30/2024","86.10","86.10","86.10","86.10","","0.00%"
"10/29/2024","86.10","86.10","86.10","86.10","","-0.38%"
"10/28/2024","86.43","86.43","86.43","86.43","","0.98%"
"10/25/2024","85.59","85.59","85.59","85.59","","-0.27%"
"10/24/2024","85.82","85.82","85.82","85.82","","2.40%"
"10/23/2024","83.81","83.81","83.81","83.81","","6.20%"
"10/22/2024","78.92","78.92","78.92","78.92","","-0.11%"
"10/21/2024","79.01","79.01","79.01","79.01","","2.93%"
"10/18/2024","76.76","76.76","76.76","76.76","","0.33%"
"10/17/2024","76.51","76.51","76.51","76.51","","2.70%"
"10/16/2024","74.50","74.50","74.50","74.50","","-3.07%"
"10/15/2024","76.86","76.86","76.86","76.86","","-0.36%"
"10/14/2024","77.14","77.14","77.14","77.14","","2.81%"
"10/11/2024","75.03","75.03","75.03","75.03","","-3.55%"
"10/10/2024","77.79","77.79","77.79","77.79","","0.49%"
"10/09/2024","77.41","77.41","77.41","77.41","","-1.65%"
"10/08/2024","78.71","77.69","77.69","77.69","","1.23%"
"10/07/2024","77.75","77.75","77.75","77.75","","3.83%"
"10/04/2024","74.88","74.88","74.88","74.88","","-1.10%"
"10/03/2024","75.71","75.71","75.71","75.71","","-0.86%"
"10/02/2024","76.37","76.37","76.37","76.37","","-1.96%"
"10/01/2024","77.90","77.90","77.90","77.90","","-1.30%"
"09/30/2024","78.93","78.93","78.93","78.93","","-0.69%"
"09/26/2024","79.48","79.48","79.48","79.48","","-0.67%"
"09/25/2024","80.02","80.02","80.02","80.02","","-1.25%"
"09/24/2024","81.03","81.03","81.03","81.03","","-1.13%"
"09/23/2024","81.96","81.96","81.96","81.96","","3.85%"
"09/20/2024","78.92","78.92","78.92","78.92","","0.62%"
"09/19/2024","78.43","78.43","78.43","78.43","","-1.73%"
"09/18/2024","79.81","79.81","79.81","79.81","","-1.66%"
"09/17/2024","81.16","81.16","81.16","81.16","","0.86%"
"09/16/2024","80.47","80.47","80.47","80.47","","-4.09%"
"09/13/2024","83.90","83.90","83.90","83.90","","-1.39%"
"09/12/2024","85.08","85.08","85.08","85.08","","-2.64%"
"09/11/2024","87.39","87.39","87.39","87.39","","-0.50%"
"09/10/2024","87.83","87.83","87.83","87.83","","-2.80%"
"09/09/2024","90.36","90.36","90.36","90.36","","0.29%"
"09/06/2024","90.10","90.10","90.10","90.10","","4.16%"
"09/05/2024","86.50","86.50","86.50","86.50","","0.68%"
"09/04/2024","85.92","85.92","85.92","85.92","","-3.10%"
"09/03/2024","88.67","88.67","88.67","88.67","","8.07%"
"08/30/2024","82.05","82.05","82.05","82.05","","-0.02%"
"08/29/2024","82.07","82.07","82.07","82.07","","-0.28%"
"08/28/2024","82.30","82.30","82.30","82.30","","-0.18%"
"08/27/2024","82.45","82.45","82.45","82.45","","0.50%"
"08/26/2024","82.04","82.04","82.04","82.04","","0.02%"
"08/23/2024","82.02","82.02","82.02","82.02","","-1.45%"
"08/22/2024","83.23","83.23","83.23","83.23","","-1.77%"
"08/21/2024","84.73","84.73","84.73","84.73","","-0.20%"
"08/20/2024","84.90","84.90","84.90","84.90","","-1.67%"
"08/19/2024","86.34","86.34","86.34","86.34","","2.81%"
"08/16/2024","83.98","83.98","83.98","83.98","","-0.59%"
"08/15/2024","84.48","84.48","84.48","84.48","","0.08%"
"08/14/2024","84.41","84.41","84.41","84.41","","1.72%"
"08/13/2024","82.98","82.98","82.98","82.98","","-0.49%"
"08/12/2024","83.39","83.39","83.39","83.39","","8.76%"
"08/09/2024","76.67","76.67","76.67","76.67","","2.01%"
"08/08/2024","75.16","75.16","75.16","75.16","","-0.15%"
"08/07/2024","75.27","75.27","75.27","75.27","","-0.30%"
"08/06/2024","75.50","75.50","75.50","75.50","","3.75%"
"08/05/2024","72.77","72.77","72.77","72.77","","-3.69%"
"08/02/2024","75.56","75.56","75.56","75.56","","-1.31%"
"08/01/2024","76.56","76.56","76.56","76.56","","1.22%"
"07/31/2024","75.64","75.64","75.64","75.64","","11.73%"
"07/30/2024","67.70","67.70","67.70","67.70","","-0.27%"
"07/29/2024","67.88","67.88","67.88","67.88","","0.19%"
"07/26/2024","67.75","67.75","67.75","67.75","","-0.44%"
"07/25/2024","68.05","68.05","68.05","68.05","","-0.35%"
"07/24/2024","68.29","68.29","68.29","68.29","","1.62%"
"07/23/2024","67.20","67.20","67.20","67.20","","0.45%"
"07/22/2024","66.90","66.90","66.90","66.90","","2.39%"
"07/19/2024","65.34","65.34","65.34","65.34","","1.78%"
"07/18/2024","64.20","64.20","64.20","64.20","","2.98%"
"07/17/2024","62.34","62.34","62.34","62.34","","-1.41%"
"07/16/2024","63.23","63.23","63.23","63.23","","2.00%"
"07/15/2024","61.99","61.99","61.99","61.99","","-6.00%"
"07/12/2024","65.95","65.95","65.95","65.95","","-0.99%"
"07/11/2024","66.61","66.61","66.61","66.61","","-0.60%"
"07/10/2024","67.01","67.01","67.01","67.01","","-1.00%"
"07/09/2024","67.69","67.69","67.69","67.69","","-3.02%"
"07/08/2024","69.80","69.80","69.80","69.80","","-2.46%"
"07/05/2024","71.56","71.56","71.56","71.56","","-1.66%"
"07/03/2024","72.77","72.77","72.77","72.77","","-3.83%"
"07/02/2024","75.67","75.67","75.67","75.67","","0.33%"
"07/01/2024","75.42","75.42","75.42","75.42","","-11.53%"
"06/28/2024","85.25","85.25","85.25","85.25","","-0.53%"
"06/27/2024","85.70","85.70","85.70","85.70","","-0.29%"
"06/26/2024","85.95","85.95","85.95","85.95","","-2.34%"
"06/25/2024","88.01","88.01","88.01","88.01","","18.90%"
"06/24/2024","74.02","74.02","74.02","74.02","","-0.67%"
"06/21/2024","74.52","74.52","74.52","74.52","","2.60%"
"06/20/2024","72.63","72.63","72.63","72.63","","3.83%"
"06/18/2024","69.95","69.95","69.95","69.95","","1.33%"
"06/17/2024","69.03","69.03","69.03","69.03","","-1.62%"
"06/14/2024","70.17","70.17","70.17","70.17","","-1.17%"
"06/13/2024","71.00","71.00","71.00","71.00","","1.62%"
"06/12/2024","69.87","69.87","69.87","69.87","","-2.48%"
"06/11/2024","71.65","71.65","71.65","71.65","","-1.55%"
"06/10/2024","72.78","72.78","72.78","72.78","","-0.75%"
"06/07/2024","73.33","73.33","73.33","73.33","","-2.06%"
"06/06/2024","74.87","74.87","74.87","74.87","","-1.80%"
"06/05/2024","76.24","76.24","76.24","76.24","","-0.10%"
"06/04/2024","76.32","76.32","76.32","76.32","","3.82%"
"05/31/2024","73.51","73.51","73.51","73.51","","9.37%"
"05/30/2024","67.21","67.21","67.21","67.21","","-0.24%"
"05/29/2024","67.37","67.37","67.37","67.37","","0.73%"
"05/28/2024","66.88","66.88","66.88","66.88","","-0.79%"
"05/24/2024","67.41","67.41","67.41","67.41","","0.07%"
"05/23/2024","67.36","67.36","67.36","67.36","","-0.16%"
"05/22/2024","67.47","67.47","67.47","67.47","","-0.16%"
"05/21/2024","67.58","67.58","67.58","67.58","","6.06%"
"05/20/2024","63.72","63.72","63.72","63.72","","7.74%"
"05/17/2024","59.14","59.14","59.14","59.14","","3.72%"
"05/16/2024","57.02","57.02","57.02","57.02","","0.41%"
"05/15/2024","56.79","56.79","56.79","56.79","","0.19%"
"05/14/2024","56.68","56.68","56.68","56.68","","0.76%"
"05/13/2024","56.25","56.25","56.25","56.25","","-11.11%"
"05/10/2024","63.28","63.28","63.28","63.28","","-4.28%"
"05/09/2024","66.11","66.11","66.11","66.11","","3.86%"
"05/08/2024","63.65","63.65","63.65","63.65","","-0.24%"
"05/07/2024","63.80","63.80","63.80","63.80","","-4.53%"
"05/06/2024","66.83","66.83","66.83","66.83","","2.36%"
"05/03/2024","65.29","65.29","65.29","65.29","","2.10%"
"05/02/2024","63.95","63.95","63.95","63.95","","5.75%"
"05/01/2024","60.47","60.47","60.47","60.47","","0.00%"
"04/30/2024","60.47","60.47","60.47","60.47","","-3.03%"
"04/29/2024","62.36","62.36","62.36","62.36","","-0.80%"
"04/26/2024","62.86","62.86","62.86","62.86","","-0.41%"
"04/25/2024","63.12","63.12","63.12","63.12","","0.51%"
"04/24/2024","62.80","62.80","62.80","62.80","","-0.10%"
"04/23/2024","62.86","62.86","62.86","62.86","","0.72%"
"04/22/2024","62.41","62.41","62.41","62.41","","-0.21%"
"04/19/2024","62.54","62.54","62.54","62.54","","-0.21%"
"04/18/2024","62.67","62.67","62.67","62.67","","-0.62%"
"04/17/2024","63.06","63.06","63.06","63.06","","-2.22%"
"04/16/2024","64.49","64.49","64.49","64.49","","4.20%"
"04/15/2024","61.89","61.89","61.89","61.89","","6.34%"
"04/12/2024","58.20","58.20","58.20","58.20","","2.85%"
"04/11/2024","56.59","56.59","56.59","56.59","","6.45%"
"04/10/2024","53.16","53.16","53.16","53.16","","-2.24%"
"04/09/2024","54.38","54.38","54.38","54.38","","2.91%"
"04/08/2024","52.84","52.84","52.84","52.84","","4.47%"
"04/05/2024","50.58","50.58","50.58","50.58","","0.48%"
"04/04/2024","50.34","50.34","50.34","50.34","","-1.78%"
"04/03/2024","51.25","51.25","51.25","51.25","","-1.37%"
"04/02/2024","51.96","51.96","51.96","51.96","","-4.80%"
"04/01/2024","54.58","54.58","54.58","54.58","","-14.85%"
"03/28/2024","64.10","64.10","64.10","64.10","","0.80%"
"03/27/2024","63.59","63.59","63.59","63.59","","0.65%"
"03/26/2024","63.18","63.18","63.18","63.18","","-0.61%"
"03/25/2024","63.57","63.57","63.57","63.57","","2.15%"
"03/22/2024","62.23","62.23","62.23","62.23","","0.63%"
"03/21/2024","61.84","61.84","61.84","61.84","","0.19%"
"03/20/2024","61.72","61.72","61.72","61.72","","-1.77%"
"03/19/2024","62.83","62.83","62.83","62.83","","1.16%"
"03/18/2024","62.11","62.11","62.11","62.11","","1.11%"
"03/15/2024","61.43","61.43","61.43","61.43","","2.26%"
"03/14/2024","60.07","60.07","60.07","60.07","","1.18%"
"03/13/2024","59.37","59.37","59.37","59.37","","2.01%"
"03/12/2024","58.20","58.20","58.20","58.20","","3.14%"
"03/11/2024","56.43","56.43","56.43","56.43","","-7.88%"
"03/08/2024","61.26","61.26","61.26","61.26","","-1.78%"
"03/07/2024","62.37","62.37","62.37","62.37","","-1.70%"
"03/06/2024","63.45","63.45","63.45","63.45","","0.52%"
"03/05/2024","63.12","63.12","63.12","63.12","","3.87%"
"03/04/2024","60.77","60.77","60.77","60.77","","-0.82%"
"03/01/2024","61.27","61.27","61.27","61.27","","2.92%"
"02/29/2024","59.53","59.53","59.53","59.53","","-2.95%"
"02/28/2024","61.34","61.34","61.34","61.34","","0.21%"
"02/27/2024","61.21","61.21","61.21","61.21","","-0.13%"
"02/26/2024","61.29","61.29","61.29","61.29","","-0.05%"
"02/23/2024","61.32","61.32","61.32","61.32","","1.36%"
"02/22/2024","60.50","60.50","60.50","60.50","","-0.61%"
"02/21/2024","60.87","60.87","60.87","60.87","","1.55%"
"02/20/2024","59.94","59.94","59.94","59.94","","2.20%"
"02/16/2024","58.65","58.65","58.65","58.65","","-0.66%"
"02/15/2024","59.04","59.04","59.04","59.04","","-1.57%"
"02/14/2024","59.98","59.98","59.98","59.98","","-2.26%"
"02/13/2024","61.37","61.37","61.37","61.37","","-1.06%"
"02/12/2024","62.03","62.03","62.03","62.03","","-4.05%"
"02/09/2024","64.65","64.65","64.65","64.65","","-5.09%"
"02/08/2024","68.12","68.12","68.12","68.12","","-3.35%"
"02/07/2024","70.48","70.48","70.48","70.48","","-1.97%"
"02/06/2024","71.90","71.90","71.90","71.90","","1.99%"
"02/05/2024","70.50","70.50","70.50","70.50","","1.47%"
"02/02/2024","69.48","69.48","69.48","69.48","","0.45%"
"02/01/2024","69.17","69.17","69.17","69.17","","-6.12%"
"01/31/2024","73.68","73.68","73.68","73.68","","-3.77%"
"01/30/2024","76.57","76.57","76.57","76.57","","0.14%"
"01/29/2024","76.46","76.46","76.46","76.46","","0.37%"
"01/26/2024","76.18","76.18","76.18","76.18","","-0.43%"
"01/25/2024","76.51","76.51","76.51","76.51","","0.05%"
"01/24/2024","76.47","76.47","76.47","76.47","","1.41%"
"01/23/2024","75.41","75.41","75.41","75.41","","0.59%"
"01/22/2024","74.97","74.97","74.97","74.97","","-2.19%"
"01/19/2024","76.65","76.65","76.65","76.65","","0.31%"
"01/18/2024","76.41","76.41","76.41","76.41","","0.20%"
"01/17/2024","76.26","76.26","76.26","76.26","","-2.92%"
"01/16/2024","78.55","78.55","78.55","78.55","","-1.38%"
"01/12/2024","79.65","79.65","79.65","79.65","","0.14%"
"01/11/2024","79.54","79.54","79.54","79.54","","-1.74%"
"01/10/2024","80.95","80.95","80.95","80.95","","-0.78%"
"01/09/2024","81.59","81.59","81.59","81.59","","-4.90%"
"01/08/2024","85.79","85.79","85.79","85.79","","-10.05%"
"01/05/2024","95.37","95.37","95.37","95.37","","-0.83%"
"01/04/2024","96.17","96.17","96.17","96.17","","-0.91%"
"01/03/2024","97.05","97.05","97.05","97.05","","8.69%"
"01/02/2024","89.29","89.29","89.29","89.29","","28.44%"
"12/29/2023","69.52","69.52","69.52","69.52","","1.82%"
"12/28/2023","68.28","68.28","68.28","68.28","","0.09%"
"12/27/2023","68.22","68.22","68.22","68.22","","-6.39%"
"12/26/2023","72.88","72.88","72.88","72.88","","0.00%"
"12/22/2023","72.88","72.88","72.88","72.88","","-1.29%"
"12/21/2023","73.83","73.83","73.83","73.83","","2.44%"
"12/20/2023","72.07","72.07","72.07","72.07","","1.18%"
"12/19/2023","71.23","71.23","71.23","71.23","","-1.47%"
"12/18/2023","72.29","72.29","72.29","72.29","","-1.81%"
"12/15/2023","73.62","73.62","73.62","73.62","","-0.82%"
"12/14/2023","74.23","74.23","74.23","74.23","","-3.83%"
"12/13/2023","77.19","77.19","77.19","77.19","","-0.13%"
"12/12/2023","77.29","77.29","77.29","77.29","","-5.12%"
"12/11/2023","81.46","81.46","81.46","81.46","","-10.01%"
"12/08/2023","90.52","90.52","90.52","90.52","","-0.58%"
"12/07/2023","91.05","91.05","91.05","91.05","","3.41%"
"12/06/2023","88.05","88.05","88.05","88.05","","0.89%"
"12/05/2023","87.27","87.27","87.27","87.27","","-1.62%"
"12/04/2023","88.71","88.71","88.71","88.71","","-5.54%"
"12/01/2023","93.91","93.91","93.91","93.91","","4.43%"
"11/30/2023","89.93","89.93","89.93","89.93","","-1.31%"
"11/29/2023","91.12","91.12","91.12","91.12","","0.44%"
"11/28/2023","90.72","90.72","90.72","90.72","","0.83%"
"11/27/2023","89.97","89.97","89.97","89.97","","-0.11%"
"11/24/2023","90.07","90.07","90.07","90.07","","1.21%"
"11/22/2023","88.99","88.99","88.99","88.99","","0.03%"
"11/21/2023","88.96","88.96","88.96","88.96","","-0.34%"
"11/20/2023","89.26","89.26","89.26","89.26","","7.06%"
"11/17/2023","83.37","83.37","83.37","83.37","","-0.89%"
"11/16/2023","84.12","84.12","84.12","84.12","","-2.27%"
"11/15/2023","86.07","86.07","86.07","86.07","","2.67%"
"11/14/2023","83.83","83.83","83.83","83.83","","-1.42%"
"11/13/2023","85.04","85.04","85.04","85.04","","-4.59%"
"11/10/2023","89.13","89.13","89.13","89.13","","-2.18%"
"11/09/2023","91.12","91.12","91.12","91.12","","3.70%"
"11/08/2023","87.87","87.87","87.87","87.87","","-0.08%"
"11/07/2023","87.94","87.94","87.94","87.94","","6.52%"
"11/06/2023","82.56","82.56","82.56","82.56","","1.38%"
"11/03/2023","81.44","81.44","81.44","81.44","","0.39%"
"11/02/2023","81.12","81.12","81.12","81.12","","-5.55%"
"11/01/2023","85.89","85.89","85.89","85.89","","-6.90%"
"10/31/2023","92.26","92.26","92.26","92.26","","5.55%"
"10/30/2023","87.41","87.41","87.41","87.41","","-0.85%"
"10/27/2023","88.16","88.16","88.16","88.16","","2.45%"
"10/26/2023","86.05","86.05","86.05","86.05","","-0.59%"
"10/25/2023","86.56","86.56","86.56","86.56","","0.60%"
"10/24/2023","86.04","86.04","86.04","86.04","","-0.69%"
"10/23/2023","86.64","86.64","86.64","86.64","","-0.64%"
"10/20/2023","87.20","87.20","87.20","87.20","","1.05%"
"10/19/2023","86.29","86.29","86.29","86.29","","0.89%"
"10/18/2023","85.53","85.53","85.53","85.53","","1.94%"
"10/17/2023","83.90","83.90","83.90","83.90","","-4.76%"
"10/16/2023","88.09","88.09","88.09","88.09","","-3.92%"
"10/13/2023","91.68","91.68","91.68","91.68","","-1.14%"
"10/12/2023","92.74","92.74","92.74","92.74","","1.02%"
"10/11/2023","91.80","91.80","91.80","91.80","","-4.13%"
"10/10/2023","95.75","95.75","95.75","95.75","","5.21%"
"10/09/2023","91.01","91.01","91.01","91.01","","14.87%"
"10/06/2023","79.23","79.23","79.23","79.23","","0.61%"
"10/05/2023","78.75","78.75","78.75","78.75","","-4.59%"
"10/04/2023","82.54","82.54","82.54","82.54","","6.43%"
"10/03/2023","77.55","77.55","77.55","77.55","","-8.88%"
"10/02/2023","85.11","85.11","85.11","85.11","","-15.50%"
"09/29/2023","100.72","100.72","100.72","100.72","","-0.19%"
"09/28/2023","100.91","100.91","100.91","100.91","","-0.43%"
"09/27/2023","101.35","101.35","101.35","101.35","","0.47%"
"09/26/2023","100.88","100.88","100.88","100.88","","-0.07%"
"09/25/2023","100.95","100.95","100.95","100.95","","-0.02%"
"09/22/2023","100.97","100.97","100.97","100.97","","1.53%"
"09/21/2023","99.45","99.45","99.45","99.45","","1.60%"
"09/20/2023","97.88","97.88","97.88","97.88","","0.99%"
"09/19/2023","96.92","96.92","96.92","96.92","","2.68%"
"09/18/2023","94.39","94.39","94.39","94.39","","2.45%"
"09/15/2023","92.13","92.13","92.13","92.13","","-0.99%"
"09/14/2023","93.05","93.05","93.05","93.05","","-0.36%"
"09/13/2023","93.39","93.39","93.39","93.39","","-2.30%"
"09/12/2023","95.59","95.59","95.59","95.59","","-1.88%"
"09/11/2023","97.42","97.42","97.42","97.42","","3.55%"
"09/08/2023","94.08","94.08","94.08","94.08","","1.12%"
"09/07/2023","93.04","93.04","93.04","93.04","","1.17%"
"09/06/2023","91.96","91.96","91.96","91.96","","-3.42%"
"09/05/2023","95.22","95.22","95.22","95.22","","-1.59%"
"09/01/2023","96.76","96.76","96.76","96.76","","-0.20%"
"08/31/2023","96.95","96.95","96.95","96.95","","2.79%"
"08/30/2023","94.32","94.32","94.32","94.32","","0.00%"
"08/29/2023","94.32","94.32","94.32","94.32","","-0.03%"
"08/28/2023","94.35","94.35","94.35","94.35","","0.06%"
"08/25/2023","94.29","94.29","94.29","94.29","","1.30%"
"08/24/2023","93.08","93.08","93.08","93.08","","-1.70%"
"08/23/2023","94.69","94.69","94.69","94.69","","0.14%"
"08/22/2023","94.56","94.56","94.56","94.56","","5.21%"
"08/21/2023","89.88","89.88","89.88","89.88","","6.09%"
"08/18/2023","84.72","84.72","84.72","84.72","","0.24%"
"08/17/2023","84.52","84.52","84.52","84.52","","-0.39%"
"08/16/2023","84.85","84.85","84.85","84.85","","0.13%"
"08/15/2023","84.74","84.74","84.74","84.74","","3.64%"
"08/14/2023","81.76","81.76","81.76","81.76","","-1.12%"
"08/11/2023","82.69","82.69","82.69","82.69","","-1.45%"
"08/10/2023","83.91","83.91","83.91","83.91","","-2.16%"
"08/09/2023","85.76","85.76","85.76","85.76","","7.60%"
"08/08/2023","79.70","79.70","79.70","79.70","","2.36%"
"08/07/2023","77.86","77.86","77.86","77.86","","-1.14%"
"08/04/2023","78.76","78.76","78.76","78.76","","-0.76%"
"08/03/2023","79.36","79.36","79.36","79.36","","4.89%"
"08/02/2023","75.66","75.66","75.66","75.66","","0.44%"
"08/01/2023","75.33","75.33","75.33","75.33","","-3.90%"
"07/31/2023","78.39","78.39","78.39","78.39","","0.50%"
"07/28/2023","78.00","78.00","78.00","78.00","","0.67%"
"07/27/2023","77.48","77.48","77.48","77.48","","-0.24%"
"07/26/2023","77.67","77.67","77.67","77.67","","-0.79%"
"07/25/2023","78.29","78.29","78.29","78.29","","0.28%"
"07/24/2023","78.07","78.07","78.07","78.07","","3.20%"
"07/21/2023","75.65","75.65","75.65","75.65","","1.22%"
"07/20/2023","74.74","74.74","74.74","74.74","","-0.56%"
"07/19/2023","75.16","75.16","75.16","75.16","","-1.03%"
"07/18/2023","75.94","75.94","75.94","75.94","","-0.95%"
"07/17/2023","76.67","76.67","76.67","76.67","","-0.27%"
"07/14/2023","76.88","76.88","76.88","76.88","","0.23%"
"07/13/2023","76.70","76.70","76.70","76.70","","-1.94%"
"07/12/2023","78.22","78.22","78.22","78.22","","-1.00%"
"07/11/2023","79.01","79.01","79.01","79.01","","-0.95%"
"07/10/2023","79.77","79.77","79.77","79.77","","-3.50%"
"07/07/2023","82.66","82.66","82.66","82.66","","-1.35%"
"07/06/2023","83.79","83.79","83.79","83.79","","-3.00%"
"07/05/2023","86.38","86.38","86.38","86.38","","-2.03%"
"07/03/2023","88.17","88.17","88.17","88.17","","-8.61%"
"06/30/2023","96.48","96.48","96.48","96.48","","1.82%"
"06/29/2023","94.76","94.76","94.76","94.76","","0.04%"
"06/28/2023","94.72","94.72","94.72","94.72","","0.14%"
"06/27/2023","94.59","94.59","94.59","94.59","","0.06%"
"06/26/2023","94.53","94.53","94.53","94.53","","1.51%"
"06/23/2023","93.12","93.12","93.12","93.12","","0.31%"
"06/22/2023","92.83","92.83","92.83","92.83","","-2.06%"
"06/21/2023","94.78","94.78","94.78","94.78","","-2.54%"
"06/20/2023","97.25","97.25","97.25","97.25","","5.03%"
"06/16/2023","92.59","92.59","92.59","92.59","","-3.23%"
"06/15/2023","95.68","95.68","95.68","95.68","","1.03%"
"06/14/2023","94.70","94.70","94.70","94.70","","3.70%"
"06/13/2023","91.32","91.32","91.32","91.32","","4.06%"
"06/12/2023","87.76","87.76","87.76","87.76","","2.98%"
"06/09/2023","85.22","85.22","85.22","85.22","","6.93%"
"06/08/2023","79.70","79.70","79.70","79.70","","0.42%"
"06/07/2023","79.37","79.37","79.37","79.37","","0.86%"
"06/06/2023","78.69","78.69","78.69","78.69","","-3.22%"
"06/05/2023","81.31","81.31","81.31","81.31","","13.02%"
"06/02/2023","71.94","71.94","71.94","71.94","","1.01%"
"06/01/2023","71.22","71.22","71.22","71.22","","-6.10%"
"05/31/2023","75.85","75.85","75.85","75.85","","-7.18%"
"05/30/2023","81.72","81.72","81.72","81.72","","0.13%"
"05/26/2023","81.61","81.61","81.61","81.61","","0.13%"
"05/25/2023","81.50","81.50","81.50","81.50","","-1.27%"
"05/23/2023","82.55","82.55","82.55","82.55","","-1.13%"
"05/22/2023","83.49","83.49","83.49","83.49","","-2.87%"
"05/19/2023","85.96","85.96","85.96","85.96","","-0.20%"
"05/18/2023","86.13","86.13","86.13","86.13","","-1.39%"
"05/17/2023","87.34","87.34","87.34","87.34","","-0.34%"
"05/16/2023","87.64","87.64","87.64","87.64","","-1.14%"
"05/15/2023","88.65","88.65","88.65","88.65","","-3.22%"
"05/12/2023","91.60","91.60","91.60","91.60","","-0.25%"
"05/11/2023","91.83","91.83","91.83","91.83","","1.25%"
"05/10/2023","90.70","90.70","90.70","90.70","","-0.31%"
"05/09/2023","90.98","90.98","90.98","90.98","","0.01%"
"05/08/2023","90.97","90.97","90.97","90.97","","1.19%"
"05/05/2023","89.90","89.90","89.90","89.90","","0.77%"
"05/04/2023","89.21","89.21","89.21","89.21","","-1.49%"
"05/03/2023","90.56","90.56","90.56","90.56","","-1.22%"
"05/02/2023","91.68","91.68","91.68","91.68","","-1.00%"
"05/01/2023","92.61","92.61","92.61","92.61","","-8.38%"
"04/28/2023","101.08","101.08","101.08","101.08","","-0.12%"
"04/27/2023","101.20","101.20","101.20","101.20","","0.11%"
"04/26/2023","101.09","101.09","101.09","101.09","","-0.62%"
"04/25/2023","101.72","101.72","101.72","101.72","","-0.28%"
"04/24/2023","102.01","102.01","102.01","102.01","","1.24%"
"04/21/2023","100.76","100.76","100.76","100.76","","-0.06%"
"04/20/2023","100.82","100.82","100.82","100.82","","0.90%"
"04/19/2023","99.92","99.92","99.92","99.92","","-1.06%"
"04/18/2023","100.99","100.99","100.99","100.99","","0.14%"
"04/17/2023","100.85","100.85","100.85","100.85","","-1.63%"
"04/14/2023","102.52","102.52","102.52","102.52","","-0.10%"
"04/13/2023","102.62","102.62","102.62","102.62","","-1.45%"
"04/12/2023","104.13","104.13","104.13","104.13","","-1.15%"
"04/11/2023","105.34","105.34","105.34","105.34","","1.38%"
"04/10/2023","103.91","103.91","103.91","103.91","","-0.10%"
"04/06/2023","104.01","104.01","104.01","104.01","","-4.05%"
"04/05/2023","108.40","108.40","108.40","108.40","","-3.27%"
"04/04/2023","112.07","112.07","112.07","112.07","","-2.20%"
"04/03/2023","114.59","114.59","114.59","114.59","","3.87%"
"03/31/2023","110.32","110.32","110.32","110.32","","7.61%"
"03/30/2023","102.52","102.52","102.52","102.52","","0.17%"
"03/29/2023","102.35","102.35","102.35","102.35","","0.08%"
"03/28/2023","102.27","102.27","102.27","102.27","","0.53%"
"03/27/2023","101.73","101.73","101.73","101.73","","-0.05%"
"03/24/2023","101.78","101.78","101.78","101.78","","-1.11%"
"03/23/2023","102.92","102.92","102.92","102.92","","0.08%"
"03/22/2023","102.84","102.84","102.84","102.84","","0.25%"
"03/21/2023","102.58","102.58","102.58","102.58","","1.15%"
"03/20/2023","101.41","101.41","101.41","101.41","","-1.94%"
"03/17/2023","103.42","103.42","103.42","103.42","","-1.63%"
"03/16/2023","105.13","105.13","105.13","105.13","","1.34%"
"03/15/2023","103.74","103.74","103.74","103.74","","-2.92%"
"03/14/2023","106.86","106.86","106.86","106.86","","-2.56%"
"03/13/2023","109.67","109.67","109.67","109.67","","-5.33%"
"03/10/2023","115.84","115.84","115.84","115.84","","4.14%"
"03/09/2023","111.24","111.24","111.24","111.24","","1.57%"
"03/08/2023","109.52","109.52","109.52","109.52","","-0.71%"
"03/07/2023","110.30","110.30","110.30","110.30","","0.29%"
"03/06/2023","109.98","109.98","109.98","109.98","","-3.91%"
"03/03/2023","114.46","114.46","114.46","114.46","","-3.59%"
"03/02/2023","118.72","118.72","118.72","118.72","","-0.83%"
"03/01/2023","119.71","119.71","119.71","119.71","","-1.01%"
"02/28/2023","120.93","120.93","120.93","120.93","","-5.75%"
"02/27/2023","128.31","128.31","128.31","128.31","","0.02%"
"02/24/2023","128.29","128.29","128.29","128.29","","0.27%"
"02/23/2023","127.95","127.95","127.95","127.95","","-0.60%"
"02/22/2023","128.72","128.72","128.72","128.72","","-0.27%"
"02/21/2023","129.07","129.07","129.07","129.07","","-0.08%"
"02/17/2023","129.17","129.17","129.17","129.17","","-0.49%"
"02/16/2023","129.81","129.81","129.81","129.81","","0.76%"
"02/15/2023","128.83","128.83","128.83","128.83","","-0.45%"
"02/14/2023","129.41","129.41","129.41","129.41","","0.20%"
"02/13/2023","129.15","129.15","129.15","129.15","","-3.50%"
"02/10/2023","133.84","133.84","133.84","133.84","","1.45%"
"02/09/2023","131.93","131.93","131.93","131.93","","0.73%"
"02/08/2023","130.98","130.98","130.98","130.98","","1.42%"
"02/07/2023","129.15","129.15","129.15","129.15","","-2.37%"
"02/06/2023","132.28","132.28","132.28","132.28","","-6.53%"
"02/03/2023","141.52","141.52","141.52","141.52","","2.11%"
"02/02/2023","138.59","138.59","138.59","138.59","","-2.94%"
"02/01/2023","142.79","142.79","142.79","142.79","","0.77%"
"01/31/2023","141.70","141.70","141.70","141.70","","20.26%"
"01/30/2023","117.83","117.83","117.83","117.83","","-0.16%"
"01/27/2023","118.02","118.02","118.02","118.02","","1.67%"
"01/26/2023","116.08","116.08","116.08","116.08","","-0.22%"
"01/25/2023","116.34","116.34","116.34","116.34","","-1.28%"
"01/24/2023","117.85","117.85","117.85","117.85","","-1.08%"
"01/23/2023","119.14","119.14","119.14","119.14","","0.71%"
"01/20/2023","118.30","118.30","118.30","118.30","","-0.15%"
"01/19/2023","118.48","118.48","118.48","118.48","","-0.85%"
"01/18/2023","119.49","119.49","119.49","119.49","","-0.41%"
"01/17/2023","119.98","119.98","119.98","119.98","","-3.02%"
"01/13/2023","123.71","123.71","123.71","123.71","","-0.78%"
"01/12/2023","124.68","124.68","124.68","124.68","","5.98%"
"01/11/2023","117.64","117.64","117.64","117.64","","-0.44%"
"01/10/2023","118.16","118.16","118.16","118.16","","-2.36%"
"01/09/2023","121.01","121.01","121.01","121.01","","-3.04%"
"01/06/2023","124.81","124.81","124.81","124.81","","-4.48%"
"01/05/2023","130.66","130.66","130.66","130.66","","3.35%"
"01/04/2023","126.42","126.42","126.42","126.42","","-11.21%"
"01/03/2023","142.38","142.38","142.38","142.38","","-43.41%"